,timestamp,year,month,location,rain_mm
0,1959-01-15,1959,1,Eastbourne,109.5
1,1959-02-15,1959,2,Eastbourne,0.0
2,1959-03-15,1959,3,Eastbourne,43.0
3,1959-04-15,1959,4,Eastbourne,62.5
4,1959-05-15,1959,5,Eastbourne,12.5
5,1959-06-15,1959,6,Eastbourne,23.2
6,1959-07-15,1959,7,Eastbourne,39.8
7,1959-08-15,1959,8,Eastbourne,25.7
8,1959-09-15,1959,9,Eastbourne,6.6
9,1959-10-15,1959,10,Eastbourne,106.8
10,1959-11-15,1959,11,Eastbourne,151.5
11,1959-12-15,1959,12,Eastbourne,196.7
12,1960-01-15,1960,1,Eastbourne,82.0
13,1960-02-15,1960,2,Eastbourne,52.6
14,1960-03-15,1960,3,Eastbourne,80.5
15,1960-04-15,1960,4,Eastbourne,35.7
16,1960-05-15,1960,5,Eastbourne,70.4
17,1960-06-15,1960,6,Eastbourne,59.1
18,1960-07-15,1960,7,Eastbourne,60.2
19,1960-08-15,1960,8,Eastbourne,148.8
20,1960-09-15,1960,9,Eastbourne,66.5
21,1960-10-15,1960,10,Eastbourne,179.5
22,1960-11-15,1960,11,Eastbourne,218.8
23,1960-12-15,1960,12,Eastbourne,125.3
24,1961-01-15,1961,1,Eastbourne,147.5
25,1961-02-15,1961,2,Eastbourne,66.7
26,1961-03-15,1961,3,Eastbourne,6.3
27,1961-04-15,1961,4,Eastbourne,60.8
28,1961-05-15,1961,5,Eastbourne,32.0
29,1961-06-15,1961,6,Eastbourne,32.7
30,1961-07-15,1961,7,Eastbourne,69.1
31,1961-08-15,1961,8,Eastbourne,17.2
32,1961-09-15,1961,9,Eastbourne,64.5
33,1961-10-15,1961,10,Eastbourne,111.8
34,1961-11-15,1961,11,Eastbourne,100.6
35,1961-12-15,1961,12,Eastbourne,104.1
36,1962-01-15,1962,1,Eastbourne,89.7
37,1962-02-15,1962,2,Eastbourne,18.6
38,1962-03-15,1962,3,Eastbourne,50.0
39,1962-04-15,1962,4,Eastbourne,48.6
40,1962-05-15,1962,5,Eastbourne,41.8
41,1962-06-15,1962,6,Eastbourne,12.8
42,1962-07-15,1962,7,Eastbourne,53.1
43,1962-08-15,1962,8,Eastbourne,105.5
44,1962-09-15,1962,9,Eastbourne,64.7
45,1962-10-15,1962,10,Eastbourne,51.8
46,1962-11-15,1962,11,Eastbourne,69.8
47,1962-12-15,1962,12,Eastbourne,97.9
48,1963-01-15,1963,1,Eastbourne,12.5
49,1963-02-15,1963,2,Eastbourne,19.5
50,1963-03-15,1963,3,Eastbourne,74.0
51,1963-04-15,1963,4,Eastbourne,89.9
52,1963-05-15,1963,5,Eastbourne,42.0
53,1963-06-15,1963,6,Eastbourne,87.2
54,1963-07-15,1963,7,Eastbourne,43.4
55,1963-08-15,1963,8,Eastbourne,103.7
56,1963-09-15,1963,9,Eastbourne,88.3
57,1963-10-15,1963,10,Eastbourne,67.1
58,1963-11-15,1963,11,Eastbourne,209.6
59,1963-12-15,1963,12,Eastbourne,20.4
60,1964-01-15,1964,1,Eastbourne,33.7
61,1964-02-15,1964,2,Eastbourne,37.6
62,1964-03-15,1964,3,Eastbourne,124.3
63,1964-04-15,1964,4,Eastbourne,76.1
64,1964-05-15,1964,5,Eastbourne,83.7
65,1964-06-15,1964,6,Eastbourne,85.3
66,1964-07-15,1964,7,Eastbourne,34.9
67,1964-08-15,1964,8,Eastbourne,43.7
68,1964-09-15,1964,9,Eastbourne,34.4
69,1964-10-15,1964,10,Eastbourne,100.6
70,1964-11-15,1964,11,Eastbourne,104.0
71,1964-12-15,1964,12,Eastbourne,76.0
72,1965-01-15,1965,1,Eastbourne,91.0
73,1965-02-15,1965,2,Eastbourne,9.7
74,1965-03-15,1965,3,Eastbourne,74.7
75,1965-04-15,1965,4,Eastbourne,37.0
76,1965-05-15,1965,5,Eastbourne,46.2
77,1965-06-15,1965,6,Eastbourne,66.9
78,1965-07-15,1965,7,Eastbourne,101.5
79,1965-08-15,1965,8,Eastbourne,75.7
80,1965-09-15,1965,9,Eastbourne,137.5
81,1965-10-15,1965,10,Eastbourne,14.4
82,1965-11-15,1965,11,Eastbourne,72.5
83,1965-12-15,1965,12,Eastbourne,140.1
84,1966-01-15,1966,1,Eastbourne,59.6
85,1966-02-15,1966,2,Eastbourne,105.7
86,1966-03-15,1966,3,Eastbourne,20.5
87,1966-04-15,1966,4,Eastbourne,98.8
88,1966-05-15,1966,5,Eastbourne,37.6
89,1966-06-15,1966,6,Eastbourne,52.7
90,1966-07-15,1966,7,Eastbourne,73.4
91,1966-08-15,1966,8,Eastbourne,70.3
92,1966-09-15,1966,9,Eastbourne,31.6
93,1966-10-15,1966,10,Eastbourne,198.9
94,1966-11-15,1966,11,Eastbourne,73.3
95,1966-12-15,1966,12,Eastbourne,103.1
96,1967-01-15,1967,1,Eastbourne,59.5
97,1967-02-15,1967,2,Eastbourne,65.2
98,1967-03-15,1967,3,Eastbourne,40.0
99,1967-04-15,1967,4,Eastbourne,62.4
100,1967-05-15,1967,5,Eastbourne,67.7
101,1967-06-15,1967,6,Eastbourne,58.1
102,1967-07-15,1967,7,Eastbourne,11.6
103,1967-08-15,1967,8,Eastbourne,99.2
104,1967-09-15,1967,9,Eastbourne,102.6
105,1967-10-15,1967,10,Eastbourne,145.9
106,1967-11-15,1967,11,Eastbourne,84.5
107,1967-12-15,1967,12,Eastbourne,90.5
108,1968-01-15,1968,1,Eastbourne,82.6
109,1968-02-15,1968,2,Eastbourne,67.3
110,1968-03-15,1968,3,Eastbourne,21.4
111,1968-04-15,1968,4,Eastbourne,71.4
112,1968-05-15,1968,5,Eastbourne,53.6
113,1968-06-15,1968,6,Eastbourne,43.4
114,1968-07-15,1968,7,Eastbourne,51.0
115,1968-08-15,1968,8,Eastbourne,58.8
116,1968-09-15,1968,9,Eastbourne,117.3
117,1968-10-15,1968,10,Eastbourne,92.2
118,1968-11-15,1968,11,Eastbourne,23.0
119,1968-12-15,1968,12,Eastbourne,49.3
120,1969-01-15,1969,1,Eastbourne,75.0
121,1969-02-15,1969,2,Eastbourne,51.6
122,1969-03-15,1969,3,Eastbourne,61.9
123,1969-04-15,1969,4,Eastbourne,39.3
124,1969-05-15,1969,5,Eastbourne,65.8
125,1969-06-15,1969,6,Eastbourne,34.7
126,1969-07-15,1969,7,Eastbourne,75.0
127,1969-08-15,1969,8,Eastbourne,85.5
128,1969-09-15,1969,9,Eastbourne,7.1
129,1969-10-15,1969,10,Eastbourne,2.3
130,1969-11-15,1969,11,Eastbourne,176.6
131,1969-12-15,1969,12,Eastbourne,91.1
132,1970-01-15,1970,1,Eastbourne,119.9
133,1970-02-15,1970,2,Eastbourne,73.8
134,1970-03-15,1970,3,Eastbourne,45.7
135,1970-04-15,1970,4,Eastbourne,76.0
136,1970-05-15,1970,5,Eastbourne,34.0
137,1970-06-15,1970,6,Eastbourne,18.1
138,1970-07-15,1970,7,Eastbourne,59.5
139,1970-08-15,1970,8,Eastbourne,68.7
140,1970-09-15,1970,9,Eastbourne,113.8
141,1970-10-15,1970,10,Eastbourne,28.1
142,1970-11-15,1970,11,Eastbourne,209.9
143,1970-12-15,1970,12,Eastbourne,58.1
144,1971-01-15,1971,1,Eastbourne,89.9
145,1971-02-15,1971,2,Eastbourne,25.5
146,1971-03-15,1971,3,Eastbourne,57.0
147,1971-04-15,1971,4,Eastbourne,34.2
148,1971-05-15,1971,5,Eastbourne,59.5
149,1971-06-15,1971,6,Eastbourne,181.6
150,1971-07-15,1971,7,Eastbourne,38.5
151,1971-08-15,1971,8,Eastbourne,69.8
152,1971-09-15,1971,9,Eastbourne,15.3
153,1971-10-15,1971,10,Eastbourne,47.3
154,1971-11-15,1971,11,Eastbourne,48.9
155,1971-12-15,1971,12,Eastbourne,22.7
156,1972-01-15,1972,1,Eastbourne,66.7
157,1972-02-15,1972,2,Eastbourne,52.1
158,1972-03-15,1972,3,Eastbourne,45.4
159,1972-04-15,1972,4,Eastbourne,65.5
160,1972-05-15,1972,5,Eastbourne,35.5
161,1972-06-15,1972,6,Eastbourne,63.8
162,1972-07-15,1972,7,Eastbourne,25.5
163,1972-08-15,1972,8,Eastbourne,21.6
164,1972-09-15,1972,9,Eastbourne,31.7
165,1972-10-15,1972,10,Eastbourne,23.2
166,1972-11-15,1972,11,Eastbourne,83.4
167,1972-12-15,1972,12,Eastbourne,78.6
168,1973-01-15,1973,1,Eastbourne,48.2
169,1973-02-15,1973,2,Eastbourne,42.3
170,1973-03-15,1973,3,Eastbourne,19.5
171,1973-04-15,1973,4,Eastbourne,47.9
172,1973-05-15,1973,5,Eastbourne,84.5
173,1973-06-15,1973,6,Eastbourne,35.7
174,1973-07-15,1973,7,Eastbourne,36.0
175,1973-08-15,1973,8,Eastbourne,17.6
176,1973-09-15,1973,9,Eastbourne,89.6
177,1973-10-15,1973,10,Eastbourne,43.7
178,1973-11-15,1973,11,Eastbourne,44.5
179,1973-12-15,1973,12,Eastbourne,48.2
180,1974-01-15,1974,1,Eastbourne,95.6
181,1974-02-15,1974,2,Eastbourne,103.0
182,1974-03-15,1974,3,Eastbourne,28.7
183,1974-04-15,1974,4,Eastbourne,15.1
184,1974-05-15,1974,5,Eastbourne,19.9
185,1974-06-15,1974,6,Eastbourne,47.7
186,1974-07-15,1974,7,Eastbourne,56.2
187,1974-08-15,1974,8,Eastbourne,85.5
188,1974-09-15,1974,9,Eastbourne,193.3
189,1974-10-15,1974,10,Eastbourne,140.5
190,1974-11-15,1974,11,Eastbourne,169.0
191,1974-12-15,1974,12,Eastbourne,68.5
192,1975-01-15,1975,1,Eastbourne,130.7
193,1975-02-15,1975,2,Eastbourne,33.4
194,1975-03-15,1975,3,Eastbourne,106.2
195,1975-04-15,1975,4,Eastbourne,46.8
196,1975-05-15,1975,5,Eastbourne,55.6
197,1975-06-15,1975,6,Eastbourne,19.2
198,1975-07-15,1975,7,Eastbourne,37.2
199,1975-08-15,1975,8,Eastbourne,52.0
200,1975-09-15,1975,9,Eastbourne,159.9
201,1975-10-15,1975,10,Eastbourne,35.4
202,1975-11-15,1975,11,Eastbourne,112.1
203,1975-12-15,1975,12,Eastbourne,29.4
204,1976-01-15,1976,1,Eastbourne,24.8
205,1976-02-15,1976,2,Eastbourne,43.5
206,1976-03-15,1976,3,Eastbourne,19.7
207,1976-04-15,1976,4,Eastbourne,15.3
208,1976-05-15,1976,5,Eastbourne,9.0
209,1976-06-15,1976,6,Eastbourne,5.2
210,1976-07-15,1976,7,Eastbourne,15.3
211,1976-08-15,1976,8,Eastbourne,4.8
212,1976-09-15,1976,9,Eastbourne,142.6
213,1976-10-15,1976,10,Eastbourne,161.4
214,1976-11-15,1976,11,Eastbourne,189.4
215,1976-12-15,1976,12,Eastbourne,80.1
216,1977-01-15,1977,1,Eastbourne,86.9
217,1977-02-15,1977,2,Eastbourne,81.6
218,1977-03-15,1977,3,Eastbourne,60.1
219,1977-04-15,1977,4,Eastbourne,29.7
220,1977-05-15,1977,5,Eastbourne,48.5
221,1977-06-15,1977,6,Eastbourne,35.3
222,1977-07-15,1977,7,Eastbourne,22.3
223,1977-08-15,1977,8,Eastbourne,73.5
224,1977-09-15,1977,9,Eastbourne,23.2
225,1977-10-15,1977,10,Eastbourne,41.6
226,1977-11-15,1977,11,Eastbourne,114.5
227,1977-12-15,1977,12,Eastbourne,75.2
228,1978-01-15,1978,1,Eastbourne,109.4
229,1978-02-15,1978,2,Eastbourne,51.2
230,1978-03-15,1978,3,Eastbourne,52.0
231,1978-04-15,1978,4,Eastbourne,51.6
232,1978-05-15,1978,5,Eastbourne,32.2
233,1978-06-15,1978,6,Eastbourne,40.1
234,1978-07-15,1978,7,Eastbourne,103.8
235,1978-08-15,1978,8,Eastbourne,14.6
236,1978-09-15,1978,9,Eastbourne,12.9
237,1978-10-15,1978,10,Eastbourne,4.0
238,1978-11-15,1978,11,Eastbourne,10.3
239,1978-12-15,1978,12,Eastbourne,185.7
240,1979-01-15,1979,1,Eastbourne,77.4
241,1979-02-15,1979,2,Eastbourne,90.6
242,1979-03-15,1979,3,Eastbourne,96.0
243,1979-04-15,1979,4,Eastbourne,54.2
244,1979-05-15,1979,5,Eastbourne,79.5
245,1979-06-15,1979,6,Eastbourne,35.6
246,1979-07-15,1979,7,Eastbourne,29.5
247,1979-08-15,1979,8,Eastbourne,75.8
248,1979-09-15,1979,9,Eastbourne,21.8
249,1979-10-15,1979,10,Eastbourne,69.6
250,1979-11-15,1979,11,Eastbourne,75.5
251,1979-12-15,1979,12,Eastbourne,118.3
252,1980-01-15,1980,1,Eastbourne,67.0
253,1980-02-15,1980,2,Eastbourne,85.7
254,1980-03-15,1980,3,Eastbourne,102.9
255,1980-04-15,1980,4,Eastbourne,10.3
256,1980-05-15,1980,5,Eastbourne,44.5
257,1980-06-15,1980,6,Eastbourne,107.4
258,1980-07-15,1980,7,Eastbourne,155.7
259,1980-08-15,1980,8,Eastbourne,100.4
260,1980-09-15,1980,9,Eastbourne,48.6
261,1980-10-15,1980,10,Eastbourne,122.2
262,1980-11-15,1980,11,Eastbourne,56.4
263,1980-12-15,1980,12,Eastbourne,51.3
264,1981-01-15,1981,1,Eastbourne,35.8
265,1981-02-15,1981,2,Eastbourne,23.8
266,1981-03-15,1981,3,Eastbourne,132.7
267,1981-04-15,1981,4,Eastbourne,44.4
268,1981-05-15,1981,5,Eastbourne,109.5
269,1981-06-15,1981,6,Eastbourne,49.0
270,1981-07-15,1981,7,Eastbourne,25.4
271,1981-08-15,1981,8,Eastbourne,21.8
272,1981-09-15,1981,9,Eastbourne,127.2
273,1981-10-15,1981,10,Eastbourne,167.9
274,1981-11-15,1981,11,Eastbourne,45.1
275,1981-12-15,1981,12,Eastbourne,83.1
276,1982-01-15,1982,1,Eastbourne,43.9
277,1982-02-15,1982,2,Eastbourne,38.1
278,1982-03-15,1982,3,Eastbourne,58.7
279,1982-04-15,1982,4,Eastbourne,18.1
280,1982-05-15,1982,5,Eastbourne,41.1
281,1982-06-15,1982,6,Eastbourne,52.0
282,1982-07-15,1982,7,Eastbourne,16.3
283,1982-08-15,1982,8,Eastbourne,39.7
284,1982-09-15,1982,9,Eastbourne,122.6
285,1982-10-15,1982,10,Eastbourne,175.8
286,1982-11-15,1982,11,Eastbourne,129.7
287,1982-12-15,1982,12,Eastbourne,117.9
288,1983-01-15,1983,1,Eastbourne,77.7
289,1983-02-15,1983,2,Eastbourne,48.0
290,1983-03-15,1983,3,Eastbourne,54.8
291,1983-04-15,1983,4,Eastbourne,104.9
292,1983-05-15,1983,5,Eastbourne,94.2
293,1983-06-15,1983,6,Eastbourne,19.9
294,1983-07-15,1983,7,Eastbourne,17.6
295,1983-08-15,1983,8,Eastbourne,11.4
296,1983-09-15,1983,9,Eastbourne,83.6
297,1983-10-15,1983,10,Eastbourne,69.6
298,1983-11-15,1983,11,Eastbourne,50.1
299,1983-12-15,1983,12,Eastbourne,93.3
300,1984-01-15,1984,1,Eastbourne,151.8
301,1984-02-15,1984,2,Eastbourne,42.4
302,1984-03-15,1984,3,Eastbourne,81.0
303,1984-04-15,1984,4,Eastbourne,2.5
304,1984-05-15,1984,5,Eastbourne,65.2
305,1984-06-15,1984,6,Eastbourne,34.5
306,1984-07-15,1984,7,Eastbourne,40.6
307,1984-08-15,1984,8,Eastbourne,25.5
308,1984-09-15,1984,9,Eastbourne,84.8
309,1984-10-15,1984,10,Eastbourne,103.3
310,1984-11-15,1984,11,Eastbourne,138.6
311,1984-12-15,1984,12,Eastbourne,137.7
312,1985-01-15,1985,1,Eastbourne,64.2
313,1985-02-15,1985,2,Eastbourne,36.2
314,1985-03-15,1985,3,Eastbourne,58.6
315,1985-04-15,1985,4,Eastbourne,37.7
316,1985-05-15,1985,5,Eastbourne,49.8
317,1985-06-15,1985,6,Eastbourne,48.1
318,1985-07-15,1985,7,Eastbourne,38.8
319,1985-08-15,1985,8,Eastbourne,85.2
320,1985-09-15,1985,9,Eastbourne,22.9
321,1985-10-15,1985,10,Eastbourne,30.8
322,1985-11-15,1985,11,Eastbourne,82.5
323,1985-12-15,1985,12,Eastbourne,94.8
324,1986-01-15,1986,1,Eastbourne,146.8
325,1986-02-15,1986,2,Eastbourne,15.9
326,1986-03-15,1986,3,Eastbourne,89.1
327,1986-04-15,1986,4,Eastbourne,53.2
328,1986-05-15,1986,5,Eastbourne,36.6
329,1986-06-15,1986,6,Eastbourne,28.0
330,1986-07-15,1986,7,Eastbourne,15.6
331,1986-08-15,1986,8,Eastbourne,43.9
332,1986-09-15,1986,9,Eastbourne,45.4
333,1986-10-15,1986,10,Eastbourne,100.7
334,1986-11-15,1986,11,Eastbourne,129.8
335,1986-12-15,1986,12,Eastbourne,107.6
336,1987-01-15,1987,1,Eastbourne,21.1
337,1987-02-15,1987,2,Eastbourne,52.7
338,1987-03-15,1987,3,Eastbourne,96.5
339,1987-04-15,1987,4,Eastbourne,50.5
340,1987-05-15,1987,5,Eastbourne,49.0
341,1987-06-15,1987,6,Eastbourne,64.9
342,1987-07-15,1987,7,Eastbourne,82.1
343,1987-08-15,1987,8,Eastbourne,71.4
344,1987-09-15,1987,9,Eastbourne,44.0
345,1987-10-15,1987,10,Eastbourne,246.9
346,1987-11-15,1987,11,Eastbourne,96.6
347,1987-12-15,1987,12,Eastbourne,33.3
348,1988-01-15,1988,1,Eastbourne,194.9
349,1988-02-15,1988,2,Eastbourne,57.7
350,1988-03-15,1988,3,Eastbourne,98.0
351,1988-04-15,1988,4,Eastbourne,34.2
352,1988-05-15,1988,5,Eastbourne,35.8
353,1988-06-15,1988,6,Eastbourne,16.2
354,1988-07-15,1988,7,Eastbourne,63.6
355,1988-08-15,1988,8,Eastbourne,46.5
356,1988-09-15,1988,9,Eastbourne,59.3
357,1988-10-15,1988,10,Eastbourne,96.2
358,1988-11-15,1988,11,Eastbourne,30.0
359,1988-12-15,1988,12,Eastbourne,29.9
360,1989-01-15,1989,1,Eastbourne,34.1
361,1989-02-15,1989,2,Eastbourne,55.4
362,1989-03-15,1989,3,Eastbourne,67.7
363,1989-04-15,1989,4,Eastbourne,64.5
364,1989-05-15,1989,5,Eastbourne,3.2
365,1989-06-15,1989,6,Eastbourne,61.4
366,1989-07-15,1989,7,Eastbourne,21.3
367,1989-08-15,1989,8,Eastbourne,18.3
368,1989-09-15,1989,9,Eastbourne,41.4
369,1989-10-15,1989,10,Eastbourne,92.8
370,1989-11-15,1989,11,Eastbourne,69.5
371,1989-12-15,1989,12,Eastbourne,135.6
372,1990-01-15,1990,1,Eastbourne,111.5
373,1990-02-15,1990,2,Eastbourne,111.6
374,1990-03-15,1990,3,Eastbourne,7.2
375,1990-04-15,1990,4,Eastbourne,60.9
376,1990-05-15,1990,5,Eastbourne,7.2
377,1990-06-15,1990,6,Eastbourne,43.2
378,1990-07-15,1990,7,Eastbourne,5.0
379,1990-08-15,1990,8,Eastbourne,35.5
380,1990-09-15,1990,9,Eastbourne,37.2
381,1990-10-15,1990,10,Eastbourne,127.2
382,1990-11-15,1990,11,Eastbourne,83.5
383,1990-12-15,1990,12,Eastbourne,69.9
384,1991-01-15,1991,1,Eastbourne,99.0
385,1991-02-15,1991,2,Eastbourne,40.8
386,1991-03-15,1991,3,Eastbourne,55.1
387,1991-04-15,1991,4,Eastbourne,43.1
388,1991-05-15,1991,5,Eastbourne,16.0
389,1991-06-15,1991,6,Eastbourne,139.3
390,1991-07-15,1991,7,Eastbourne,131.6
391,1991-08-15,1991,8,Eastbourne,7.6
392,1991-09-15,1991,9,Eastbourne,39.7
393,1991-10-15,1991,10,Eastbourne,43.1
394,1991-11-15,1991,11,Eastbourne,138.9
395,1991-12-15,1991,12,Eastbourne,28.1
396,1992-01-15,1992,1,Eastbourne,24.7
397,1992-02-15,1992,2,Eastbourne,30.4
398,1992-03-15,1992,3,Eastbourne,59.7
399,1992-04-15,1992,4,Eastbourne,91.5
400,1992-05-15,1992,5,Eastbourne,19.8
401,1992-06-15,1992,6,Eastbourne,8.0
402,1992-07-15,1992,7,Eastbourne,88.7
403,1992-08-15,1992,8,Eastbourne,109.3
404,1992-09-15,1992,9,Eastbourne,72.5
405,1992-10-15,1992,10,Eastbourne,116.4
406,1992-11-15,1992,11,Eastbourne,138.2
407,1992-12-15,1992,12,Eastbourne,52.6
408,1993-01-15,1993,1,Eastbourne,93.4
409,1993-02-15,1993,2,Eastbourne,6.2
410,1993-03-15,1993,3,Eastbourne,23.9
411,1993-04-15,1993,4,Eastbourne,105.1
412,1993-05-15,1993,5,Eastbourne,34.9
413,1993-06-15,1993,6,Eastbourne,75.8
414,1993-07-15,1993,7,Eastbourne,68.9
415,1993-08-15,1993,8,Eastbourne,37.7
416,1993-09-15,1993,9,Eastbourne,107.5
417,1993-10-15,1993,10,Eastbourne,89.8
418,1993-11-15,1993,11,Eastbourne,59.9
419,1993-12-15,1993,12,Eastbourne,180.7
420,1994-01-15,1994,1,Eastbourne,110.2
421,1994-02-15,1994,2,Eastbourne,46.1
422,1994-03-15,1994,3,Eastbourne,65.5
423,1994-04-15,1994,4,Eastbourne,86.3
424,1994-05-15,1994,5,Eastbourne,90.9
425,1994-06-15,1994,6,Eastbourne,46.5
426,1994-07-15,1994,7,Eastbourne,63.7
427,1994-08-15,1994,8,Eastbourne,47.4
428,1994-09-15,1994,9,Eastbourne,106.2
429,1994-10-15,1994,10,Eastbourne,120.2
430,1994-11-15,1994,11,Eastbourne,60.3
431,1994-12-15,1994,12,Eastbourne,132.0
432,1995-01-15,1995,1,Eastbourne,148.1
433,1995-02-15,1995,2,Eastbourne,107.4
434,1995-03-15,1995,3,Eastbourne,63.4
435,1995-04-15,1995,4,Eastbourne,14.8
436,1995-05-15,1995,5,Eastbourne,14.9
437,1995-06-15,1995,6,Eastbourne,25.6
438,1995-07-15,1995,7,Eastbourne,32.0
439,1995-08-15,1995,8,Eastbourne,0.7
440,1995-09-15,1995,9,Eastbourne,103.6
441,1995-10-15,1995,10,Eastbourne,30.3
442,1995-11-15,1995,11,Eastbourne,28.8
443,1995-12-15,1995,12,Eastbourne,81.8
444,1996-01-15,1996,1,Eastbourne,57.5
445,1996-02-15,1996,2,Eastbourne,37.9
446,1996-03-15,1996,3,Eastbourne,43.2
447,1996-04-15,1996,4,Eastbourne,18.9
448,1996-05-15,1996,5,Eastbourne,70.3
449,1996-06-15,1996,6,Eastbourne,22.5
450,1996-07-15,1996,7,Eastbourne,29.2
451,1996-08-15,1996,8,Eastbourne,89.9
452,1996-09-15,1996,9,Eastbourne,32.0
453,1996-10-15,1996,10,Eastbourne,53.1
454,1996-11-15,1996,11,Eastbourne,148.8
455,1996-12-15,1996,12,Eastbourne,38.9
456,1997-01-15,1997,1,Eastbourne,16.1
457,1997-02-15,1997,2,Eastbourne,70.3
458,1997-03-15,1997,3,Eastbourne,16.3
459,1997-04-15,1997,4,Eastbourne,12.4
460,1997-05-15,1997,5,Eastbourne,42.8
461,1997-06-15,1997,6,Eastbourne,150.2
462,1997-07-15,1997,7,Eastbourne,19.9
463,1997-08-15,1997,8,Eastbourne,122.4
464,1997-09-15,1997,9,Eastbourne,2.0
465,1997-10-15,1997,10,Eastbourne,106.1
466,1997-11-15,1997,11,Eastbourne,166.6
467,1997-12-15,1997,12,Eastbourne,95.8
468,1998-01-15,1998,1,Eastbourne,106.1
469,1998-02-15,1998,2,Eastbourne,11.4
470,1998-03-15,1998,3,Eastbourne,59.0
471,1998-04-15,1998,4,Eastbourne,86.0
472,1998-05-15,1998,5,Eastbourne,8.9
473,1998-06-15,1998,6,Eastbourne,88.6
474,1998-07-15,1998,7,Eastbourne,56.5
475,1998-08-15,1998,8,Eastbourne,30.0
476,1998-09-15,1998,9,Eastbourne,102.8
477,1998-10-15,1998,10,Eastbourne,167.3
478,1998-11-15,1998,11,Eastbourne,47.6
479,1998-12-15,1998,12,Eastbourne,95.7
480,1999-01-15,1999,1,Eastbourne,82.6
481,1999-02-15,1999,2,Eastbourne,43.8
482,1999-03-15,1999,3,Eastbourne,39.0
483,1999-04-15,1999,4,Eastbourne,49.8
484,1999-05-15,1999,5,Eastbourne,25.2
485,1999-06-15,1999,6,Eastbourne,66.8
486,1999-07-15,1999,7,Eastbourne,12.4
487,1999-08-15,1999,8,Eastbourne,84.2
488,1999-09-15,1999,9,Eastbourne,134.7
489,1999-10-15,1999,10,Eastbourne,77.7
490,1999-11-15,1999,11,Eastbourne,31.0
491,1999-12-15,1999,12,Eastbourne,172.6
492,2000-01-15,2000,1,Eastbourne,27.0
493,2000-02-15,2000,2,Eastbourne,67.1
494,2000-03-15,2000,3,Eastbourne,24.3
495,2000-04-15,2000,4,Eastbourne,92.6
496,2000-05-15,2000,5,Eastbourne,95.2
497,2000-06-15,2000,6,Eastbourne,13.6
498,2000-07-15,2000,7,Eastbourne,50.0
499,2000-08-15,2000,8,Eastbourne,21.7
500,2000-09-15,2000,9,Eastbourne,120.8
501,2000-10-15,2000,10,Eastbourne,261.1
502,2000-11-15,2000,11,Eastbourne,198.2
503,2000-12-15,2000,12,Eastbourne,90.7
504,2001-01-15,2001,1,Eastbourne,127.8
505,2001-02-15,2001,2,Eastbourne,97.3
506,2001-03-15,2001,3,Eastbourne,144.5
507,2001-04-15,2001,4,Eastbourne,79.0
508,2001-05-15,2001,5,Eastbourne,39.5
509,2001-06-15,2001,6,Eastbourne,9.9
510,2001-07-15,2001,7,Eastbourne,72.6
511,2001-08-15,2001,8,Eastbourne,63.8
512,2001-09-15,2001,9,Eastbourne,70.8
513,2001-10-15,2001,10,Eastbourne,129.8
514,2001-11-15,2001,11,Eastbourne,58.7
515,2001-12-15,2001,12,Eastbourne,31.8
516,2002-01-15,2002,1,Eastbourne,88.3
517,2002-02-15,2002,2,Eastbourne,109.4
518,2002-03-15,2002,3,Eastbourne,40.6
519,2002-04-15,2002,4,Eastbourne,23.2
520,2002-05-15,2002,5,Eastbourne,77.3
521,2002-06-15,2002,6,Eastbourne,66.0
522,2002-07-15,2002,7,Eastbourne,106.3
523,2002-08-15,2002,8,Eastbourne,33.7
524,2002-09-15,2002,9,Eastbourne,70.6
525,2002-10-15,2002,10,Eastbourne,65.0
526,2002-11-15,2002,11,Eastbourne,165.9
527,2002-12-15,2002,12,Eastbourne,171.7
528,2003-01-15,2003,1,Eastbourne,67.4
529,2003-02-15,2003,2,Eastbourne,29.4
530,2003-03-15,2003,3,Eastbourne,30.4
531,2003-04-15,2003,4,Eastbourne,27.2
532,2003-05-15,2003,5,Eastbourne,50.2
533,2003-06-15,2003,6,Eastbourne,41.6
534,2003-07-15,2003,7,Eastbourne,59.6
535,2003-08-15,2003,8,Eastbourne,28.5
536,2003-09-15,2003,9,Eastbourne,15.8
537,2003-10-15,2003,10,Eastbourne,60.7
538,2003-11-15,2003,11,Eastbourne,141.1
539,2003-12-15,2003,12,Eastbourne,86.4
540,2004-01-15,2004,1,Eastbourne,105.8
541,2004-02-15,2004,2,Eastbourne,22.7
542,2004-03-15,2004,3,Eastbourne,28.6
543,2004-04-15,2004,4,Eastbourne,70.4
544,2004-05-15,2004,5,Eastbourne,40.4
545,2004-06-15,2004,6,Eastbourne,26.1
546,2004-07-15,2004,7,Eastbourne,37.2
547,2004-08-15,2004,8,Eastbourne,89.0
548,2004-09-15,2004,9,Eastbourne,33.2
549,2004-10-15,2004,10,Eastbourne,123.1
550,2004-11-15,2004,11,Eastbourne,31.2
551,2004-12-15,2004,12,Eastbourne,74.9
552,2005-01-15,2005,1,Eastbourne,30.9
553,2005-02-15,2005,2,Eastbourne,25.7
554,2005-03-15,2005,3,Eastbourne,63.1
555,2005-04-15,2005,4,Eastbourne,49.1
556,2005-05-15,2005,5,Eastbourne,29.4
557,2005-06-15,2005,6,Eastbourne,27.3
558,2005-07-15,2005,7,Eastbourne,63.2
559,2005-08-15,2005,8,Eastbourne,42.8
560,2005-09-15,2005,9,Eastbourne,46.1
561,2005-10-15,2005,10,Eastbourne,98.0
562,2005-11-15,2005,11,Eastbourne,42.2
563,2005-12-15,2005,12,Eastbourne,95.8
564,2006-01-15,2006,1,Eastbourne,27.0
565,2006-02-15,2006,2,Eastbourne,82.4
566,2006-03-15,2006,3,Eastbourne,46.0
567,2006-04-15,2006,4,Eastbourne,29.0
568,2006-05-15,2006,5,Eastbourne,64.3
569,2006-06-15,2006,6,Eastbourne,17.4
570,2006-07-15,2006,7,Eastbourne,24.4
571,2006-08-15,2006,8,Eastbourne,118.2
572,2006-09-15,2006,9,Eastbourne,60.0
573,2006-10-15,2006,10,Eastbourne,109.2
574,2006-11-15,2006,11,Eastbourne,51.0
575,2006-12-15,2006,12,Eastbourne,109.3
576,2007-01-15,2007,1,Eastbourne,74.2
577,2007-02-15,2007,2,Eastbourne,111.1
578,2007-03-15,2007,3,Eastbourne,47.2
579,2007-04-15,2007,4,Eastbourne,1.6
580,2007-05-15,2007,5,Eastbourne,98.5
581,2007-06-15,2007,6,Eastbourne,68.9
582,2007-07-15,2007,7,Eastbourne,98.4
583,2007-08-15,2007,8,Eastbourne,27.6
584,2007-09-15,2007,9,Eastbourne,17.7
585,2007-10-15,2007,10,Eastbourne,45.9
586,2007-11-15,2007,11,Eastbourne,68.4
587,2007-12-15,2007,12,Eastbourne,70.4
588,2008-01-15,2008,1,Eastbourne,91.9
589,2008-02-15,2008,2,Eastbourne,11.6
590,2008-03-15,2008,3,Eastbourne,75.5
591,2008-04-15,2008,4,Eastbourne,47.1
592,2008-05-15,2008,5,Eastbourne,90.4
593,2008-06-15,2008,6,Eastbourne,21.7
594,2008-07-15,2008,7,Eastbourne,40.3
595,2008-08-15,2008,8,Eastbourne,81.4
596,2008-09-15,2008,9,Eastbourne,65.6
597,2008-10-15,2008,10,Eastbourne,69.7
598,2008-11-15,2008,11,Eastbourne,130.1
599,2008-12-15,2008,12,Eastbourne,30.1
600,2009-01-15,2009,1,Eastbourne,95.3
601,2009-02-15,2009,2,Eastbourne,63.9
602,2009-03-15,2009,3,Eastbourne,36.7
603,2009-04-15,2009,4,Eastbourne,36.5
604,2009-05-15,2009,5,Eastbourne,43.5
605,2009-06-15,2009,6,Eastbourne,37.8
606,2009-07-15,2009,7,Eastbourne,62.1
607,2009-08-15,2009,8,Eastbourne,22.0
608,2009-09-15,2009,9,Eastbourne,19.6
609,2009-10-15,2009,10,Eastbourne,91.2
610,2009-11-15,2009,11,Eastbourne,235.2
611,2009-12-15,2009,12,Eastbourne,118.6
612,2010-01-15,2010,1,Eastbourne,73.3
613,2010-02-15,2010,2,Eastbourne,119.0
614,2010-03-15,2010,3,Eastbourne,58.0
615,2010-04-15,2010,4,Eastbourne,27.1
616,2010-05-15,2010,5,Eastbourne,24.5
617,2010-06-15,2010,6,Eastbourne,46.4
618,2010-07-15,2010,7,Eastbourne,23.8
619,2010-08-15,2010,8,Eastbourne,89.0
620,2010-09-15,2010,9,Eastbourne,34.1
621,2010-10-15,2010,10,Eastbourne,79.3
622,2010-11-15,2010,11,Eastbourne,80.6
623,2010-12-15,2010,12,Eastbourne,61.5
624,2011-01-15,2011,1,Eastbourne,86.3
625,2011-02-15,2011,2,Eastbourne,58.2
626,2011-03-15,2011,3,Eastbourne,22.0
627,2011-04-15,2011,4,Eastbourne,10.5
628,2011-05-15,2011,5,Eastbourne,10.5
629,2011-06-15,2011,6,Eastbourne,38.2
630,2011-07-15,2011,7,Eastbourne,45.5
631,2011-08-15,2011,8,Eastbourne,79.2
632,2011-09-15,2011,9,Eastbourne,31.9
633,2011-10-15,2011,10,Eastbourne,16.2
634,2011-11-15,2011,11,Eastbourne,37.2
635,2011-12-15,2011,12,Eastbourne,193.6
636,2012-01-15,2012,1,Eastbourne,45.6
637,2012-02-15,2012,2,Eastbourne,21.8
638,2012-03-15,2012,3,Eastbourne,32.9
639,2012-04-15,2012,4,Eastbourne,85.0
640,2012-05-15,2012,5,Eastbourne,37.5
641,2012-06-15,2012,6,Eastbourne,88.8
642,2012-07-15,2012,7,Eastbourne,81.4
643,2012-08-15,2012,8,Eastbourne,44.7
644,2012-09-15,2012,9,Eastbourne,93.7
645,2012-10-15,2012,10,Eastbourne,150.2
646,2012-11-15,2012,11,Eastbourne,92.0
647,2012-12-15,2012,12,Eastbourne,178.7
648,2013-01-15,2013,1,Eastbourne,76.4
649,2013-02-15,2013,2,Eastbourne,31.6
650,2013-03-15,2013,3,Eastbourne,55.8
651,2013-04-15,2013,4,Eastbourne,57.4
652,2013-05-15,2013,5,Eastbourne,54.4
653,2013-06-15,2013,6,Eastbourne,13.8
654,2013-07-15,2013,7,Eastbourne,35.3
655,2013-08-15,2013,8,Eastbourne,32.9
656,2013-09-15,2013,9,Eastbourne,48.0
657,2013-10-15,2013,10,Eastbourne,170.8
658,2013-11-15,2013,11,Eastbourne,116.3
659,2013-12-15,2013,12,Eastbourne,145.0
660,2014-01-15,2014,1,Eastbourne,162.8
661,2014-02-15,2014,2,Eastbourne,123.7
662,2014-03-15,2014,3,Eastbourne,47.8
663,2014-04-15,2014,4,Eastbourne,44.4
664,2014-05-15,2014,5,Eastbourne,59.6
665,2014-06-15,2014,6,Eastbourne,10.3
666,2014-07-15,2014,7,Eastbourne,63.3
667,2014-08-15,2014,8,Eastbourne,100.3
668,2014-09-15,2014,9,Eastbourne,9.8
669,2014-10-15,2014,10,Eastbourne,155.1
670,2014-11-15,2014,11,Eastbourne,157.3
671,2014-12-15,2014,12,Eastbourne,58.1
672,2015-01-15,2015,1,Eastbourne,128.7
673,2015-02-15,2015,2,Eastbourne,65.3
674,2015-03-15,2015,3,Eastbourne,25.4
675,2015-04-15,2015,4,Eastbourne,8.0
676,2015-05-15,2015,5,Eastbourne,71.0
677,2015-06-15,2015,6,Eastbourne,20.5
678,2015-07-15,2015,7,Eastbourne,62.3
679,2015-08-15,2015,8,Eastbourne,147.6
680,2015-09-15,2015,9,Eastbourne,102.6
681,2015-10-15,2015,10,Eastbourne,38.1
682,2015-11-15,2015,11,Eastbourne,101.8
683,2015-12-15,2015,12,Eastbourne,85.6
684,2016-01-15,2016,1,Eastbourne,167.8
685,2016-02-15,2016,2,Eastbourne,53.7
686,2016-03-15,2016,3,Eastbourne,45.1
687,2016-04-15,2016,4,Eastbourne,26.1
688,2016-05-15,2016,5,Eastbourne,44.2
689,2016-06-15,2016,6,Eastbourne,75.2
690,2016-07-15,2016,7,Eastbourne,5.0
691,2016-08-15,2016,8,Eastbourne,21.8
692,2016-09-15,2016,9,Eastbourne,21.6
693,2016-10-15,2016,10,Eastbourne,32.7
694,2016-11-15,2016,11,Eastbourne,69.5
695,2016-12-15,2016,12,Eastbourne,12.3
696,2017-01-15,2017,1,Eastbourne,102.3
697,2017-02-15,2017,2,Eastbourne,33.8
698,2017-03-15,2017,3,Eastbourne,19.0
699,2017-04-15,2017,4,Eastbourne,8.6
700,2017-05-15,2017,5,Eastbourne,51.4
701,2017-06-15,2017,6,Eastbourne,34.1
702,2017-07-15,2017,7,Eastbourne,77.5
703,2017-08-15,2017,8,Eastbourne,58.7
704,2017-09-15,2017,9,Eastbourne,74.2
705,2017-10-15,2017,10,Eastbourne,25.4
706,2017-11-15,2017,11,Eastbourne,35.1
707,2017-12-15,2017,12,Eastbourne,122.0
708,2018-01-15,2018,1,Eastbourne,83.9
709,2018-02-15,2018,2,Eastbourne,49.0
710,2018-03-15,2018,3,Eastbourne,80.5
711,2018-04-15,2018,4,Eastbourne,68.9
712,2018-05-15,2018,5,Eastbourne,34.8
713,2018-06-15,2018,6,Eastbourne,0.2
714,2018-07-15,2018,7,Eastbourne,27.3
715,2018-08-15,2018,8,Eastbourne,87.1
716,2018-09-15,2018,9,Eastbourne,37.2
717,2018-10-15,2018,10,Eastbourne,33.3
718,2018-11-15,2018,11,Eastbourne,113.1
719,2018-12-15,2018,12,Eastbourne,115.6
720,2019-01-15,2019,1,Eastbourne,25.1
721,2019-02-15,2019,2,Eastbourne,58.0
722,2019-03-15,2019,3,Eastbourne,50.0
723,2019-04-15,2019,4,Eastbourne,15.0
724,2019-05-15,2019,5,Eastbourne,23.0
725,2019-06-15,2019,6,Eastbourne,97.4
726,2019-07-15,2019,7,Eastbourne,63.6
727,2019-08-15,2019,8,Eastbourne,41.4
728,2019-09-15,2019,9,Eastbourne,77.5
729,2019-10-15,2019,10,Eastbourne,112.0
730,2019-11-15,2019,11,Eastbourne,165.0
731,2019-12-15,2019,12,Eastbourne,125.6
732,2020-01-15,2020,1,Eastbourne,60.4
733,2020-02-15,2020,2,Eastbourne,124.4
734,2020-03-15,2020,3,Eastbourne,42.8
735,2020-04-15,2020,4,Eastbourne,22.0
736,2020-05-15,2020,5,Eastbourne,0.9
737,2020-06-15,2020,6,Eastbourne,27.8
738,2020-07-15,2020,7,Eastbourne,13.8
739,2020-08-15,2020,8,Eastbourne,39.6
740,2020-09-15,2020,9,Eastbourne,45.1
741,2020-10-15,2020,10,Eastbourne,122.8
742,2020-11-15,2020,11,Eastbourne,34.2
743,2020-12-15,2020,12,Eastbourne,153.9
744,2021-01-15,2021,1,Eastbourne,91.6
745,2021-02-15,2021,2,Eastbourne,50.4
746,2021-03-15,2021,3,Eastbourne,29.7
747,2021-04-15,2021,4,Eastbourne,2.7
748,2021-05-15,2021,5,Eastbourne,68.7
749,2021-06-15,2021,6,Eastbourne,102.6
750,2021-07-15,2021,7,Eastbourne,77.8
751,2021-08-15,2021,8,Eastbourne,50.1
752,2021-09-15,2021,9,Eastbourne,37.8
